Serial,Title,Chapters,Problems,Link
1,Google Interview,9,85,https://leetcode.com/explore/interview/card/google/
2,Facebook,9,79,https://leetcode.com/explore/interview/card/facebook/
3,Microsoft,8,58,https://leetcode.com/explore/interview/card/microsoft/
4,Amazon,8,68,https://leetcode.com/explore/interview/card/amazon/
5,Apple Interview,8,62,https://leetcode.com/explore/interview/card/apple/
6,Adobe Interview,9,55,https://leetcode.com/explore/interview/card/adobe/
7,Bloomberg,8,46,https://leetcode.com/explore/interview/card/bloomberg/
8,Uber Interview,9,52,https://leetcode.com/explore/interview/card/uber/
9,Yelp,8,42,https://leetcode.com/explore/interview/card/yelp/
10,LinkedIn,7,49,https://leetcode.com/explore/interview/card/linkedin/
